name,image
Olympus E-P1,ep1.png
Olympus E-P2,ep2.png
Olympus E-PL1,epl1.png
Olympus E-PL1s,epl1s.png
Olympus E-PL2,epl2.png
Olympus E-PL3 (PEN lite),epl3.png
Olympus E-PM1 (PEN mini),epm1.png
Olympus E-P3,ep3.png
Olympus E-PM2 (PEN mini),epm2.png
Olympus E-PL5 (PEN lite),epl5.png
Olympus PEN E-P5,ep5.png
Olympus E-PL6,epl6.png
Olympus E-PL7,epl7.png
Olympus PEN-F,penf.png
Olympus PEN E-PL8,epl8.png
Olympus PEN E-PL9,epl9.png
Olympus PEN E-PL10,epl10.png
Olympus PEN E-P7,ep7.png
Olympus OM-D E-M5,omdem5.png
Olympus OM-D E-M1,omdem1.png
Olympus OM-D E-M10,omdem10.png
Olympus OM-D E-M5 Mark II,omdem5ii.png
Olympus OM-D E-M10 Mark II,omdem10ii.png
Olympus OM-D E-M1 Mark II,omdem1ii.png
Olympus OM-D E-M10 Mark III,omdem10iii.png
Olympus OM-D E-M1X,omdem1x.png
Olympus OM-D E-M5 Mark III,omdem5iii.png
Olympus OM-D E-M1 Mark III,omdem1iii.png
Olympus OM-D E-M10 Mark IV,omdem10iv.png
